<?xml version="1.0" encoding="ISO-8859-1"?>

<node>
    <node id="csr" address="0x0" description="ctrl/stat register" fwinfo="endpoint;width=1">
        <node id="ctrl" address="0x0">
            <node id="rst" mask="0x1"/>
            <node id="nuke" mask="0x2"/>
            <node id="led" mask="0x4"/>
        </node>
        <node id="stat" address="0x1"/>
    </node>
    <node id="reg" address="0x2" description="read-write register" fwinfo="endpoint;width=0"/>
    <node id="ram" address="0x1000" mode="block" size="0x400" description="1kword RAM" fwinfo="endpoint;width=12"/>
    <node id="pram" address="0x2000" description="1kword peephole RAM" fwinfo="endpoint;width=1">
        <node id="addr" address="0x0"/>
        <node id="data" mode="port" size="0x400" address="0x1"/>
    </node>
</node>
